<?xml version="1.0" encoding="UTF-8"?>
<curriculum xmlns:xsi="http://www.w3.org/2001/XMLSchema-instance"
    xsi:noNamespaceSchemaLocation="esquema.xsd">

   <!-- Datos personales -->

    <DatosPersonales>
        <nombre>Daniel</nombre>
        <apellidos>Fontalva Ostio</apellidos>
        <fechaNacimiento>1998-09-03</fechaNacimiento>
        <lugarNacimiento>Málaga</lugarNacimiento>
        <nacionalidades>España</nacionalidades>
        <numIdentificacion>25610684T</numIdentificacion>
        <fotografia></fotografia>
    </DatosPersonales>

       <!--Datos de contacto -->

    <DatosContacto>
        <tipoVia>Calle</tipoVia>
        <nombreVia>Primavera</nombreVia>
        <numero>21</numero>
        <letra></letra>
        <portal></portal>
        <escalera></escalera>
        <piso>3</piso>
        <puerta>B</puerta>
        <cp>18006</cp>
        <país>España</país>
        <email>dfonost684@ieszaidinvergeles.es</email>
        <telefonoMovil>616122285</telefonoMovil>
    </DatosContacto>

       <!-- Formación académica -->

    <FormacionAcademica>
        <Estudio>
            <nombre>Bachillerato de Ciencias y Tecnología</nombre>
            <lugarRealizacion>Campillos</lugarRealizacion>
            <fechaInicio>2014-09-15</fechaInicio>
            <fechaFinal>2016-05-10</fechaFinal>
        </Estudio>
        <Estudio>
            <nombre>Grado en Filosofía</nombre>
            <lugarRealizacion>Málaga</lugarRealizacion>
            <fechaInicio>2016-05-10</fechaInicio>
            <fechaFinal>2021-02-03</fechaFinal>
        </Estudio>
        <Estudio>
            <nombre>Máster en Igualdad y Género</nombre>
            <lugarRealizacion>Málaga</lugarRealizacion>
            <fechaInicio>2021-10-03</fechaInicio>
            <fechaFinal>2023-02-01</fechaFinal>
        </Estudio>
    </FormacionAcademica>

   <!-- Idiomas -->

    <Idiomas>
        <Lengua>
            <nombre>Inglés</nombre>
            <nivelExpresionOral>medio</nivelExpresionOral>
            <nivelComprensionOral>medio</nivelComprensionOral>
            <nivelComprensionEscrita>alto</nivelComprensionEscrita>
            <tituloAcreditativo></tituloAcreditativo>
            <nivelTitulo>B2</nivelTitulo>
        </Lengua>
        <Lengua>
            <nombre>Italiano</nombre>
            <nivelExpresionOral>bajo</nivelExpresionOral>
            <nivelComprensionOral>alto</nivelComprensionOral>
            <nivelExpresionEscrita>medio</nivelExpresionEscrita>
            <tituloAcreditativo></tituloAcreditativo>
            <nivelTitulo>B1</nivelTitulo>
        </Lengua>
        <Lengua>
            <nombre>Portugués</nombre>
            <nivelExpresionOral>bajo</nivelExpresionOral>
            <nivelComprensionEscrita>bajo</nivelComprensionEscrita>
            <tituloAcreditativo></tituloAcreditativo>
            <nivelTitulo>A1</nivelTitulo>
        </Lengua>
    </Idiomas>

   <!--Experiencia laboral -->

    <ExperienciaLaboral>
        <Trabajo>
            <lugarTrabajo>Federación Ágora</lugarTrabajo>
            <puesto>Técnico de igualdad</puesto>
            <fechaInicial>2021-08-12</fechaInicial>
            <fechaFinal>2021-12-12</fechaFinal>
        </Trabajo>
        <Trabajo>
            <lugarTrabajo>Eventos Fontalva</lugarTrabajo>
            <puesto>Camarero</puesto>
            <fechaInicial>2015-02-15</fechaInicial>
            <fechaFinal>2021-03-11</fechaFinal>
        </Trabajo>
    </ExperienciaLaboral>

   <!-- Competencias -->

    <CompetenciasSocioProfesionales>
        <competencia>
            <nombreCompetencia>Liderazgo</nombreCompetencia>
            <nivelCompetencia>5</nivelCompetencia>
        </competencia>
        <competencia>
            <nombreCompetencia>Trabajo en equipo</nombreCompetencia>
            <nivelCompetencia>4</nivelCompetencia>
        </competencia>
        <competencia>
            <nombreCompetencia>Resolución de problemas</nombreCompetencia>
            <nivelCompetencia>3</nivelCompetencia>
        </competencia>
    </CompetenciasSocioProfesionales>

   <!-- Adicionales -->

<Adicionales>
    <Disponibilidad> Completa</Disponibilidad>
    <VehículoPropio> No</VehículoPropio>
    <permisoConducir>B</permisoConducir>
    <aficiones>Deporte y tocar y música</aficiones>
</Adicionales>
</curriculum>